shapeid,x,y
0,-70.98885352,42.39470549
0,-70.98725031,42.39198988
0,-70.98716716,42.39164853
0,-70.9872541,42.39133526
0,-70.98756357,42.39065144
0,-70.98778803,42.39026937
0,-70.98794268,42.38941198
0,-70.98689125,42.38787747
0,-70.98676655,42.38768977
0,-70.98664343,42.38730697
0,-70.98666616,42.38719758
0,-70.9867088,42.38714344
0,-70.9867713,42.38710448
0,-70.98714951,42.38716132
0,-70.98783184,42.38723735
0,-70.98826235,42.38746565
0,-70.98892065,42.387538
0,-70.98934936,42.3875764
0,-70.98994128,42.38752744
0,-70.99084066,42.38717332
0,-70.99142571,42.38673493
0,-70.9916287,42.38648722
0,-70.99173372,42.38640838
0,-70.99211367,42.38638673
0,-70.99259671,42.38638886
0,-70.99324933,42.38643098
0,-70.99375656,42.38627735
0,-70.99417898,42.3860369
0,-70.9947201,42.385533
0,-70.99469544,42.38412709
0,-70.99463793,42.38380506
0,-70.99467264,42.38369041
0,-70.99477187,42.38359453
0,-70.99463618,42.38283382
0,-70.9946725,42.38264326
0,-70.99484224,42.38201314
0,-70.99552024,42.38151367
0,-70.99564666,42.38148761
0,-70.99626973,42.38142256
0,-70.99672813,42.38121327
0,-70.99689913,42.38116682
0,-70.99703767,42.38115234
0,-70.99724773,42.38117383
0,-70.99869641,42.38168699
0,-70.99891498,42.38189567
0,-70.99957131,42.38216498
0,-71.00069601,42.38279167
0,-71.00119929,42.38304959
0,-71.00200598,42.38341973
0,-71.00249584,42.38360843
0,-71.00314927,42.38382776
0,-71.00393072,42.38395791
0,-71.00429101,42.3839869
0,-71.00457937,42.38398458
0,-71.0046163,42.38371307
0,-71.00478205,42.38372092
0,-71.00475463,42.38386679
0,-71.0051367,42.38390328
0,-71.00514351,42.38393185
0,-71.00523481,42.38394816
0,-71.00528481,42.383992
0,-71.00543798,42.38409529
0,-71.00602728,42.38418508
0,-71.00643299,42.38427601
0,-71.00758143,42.38448125
0,-71.00842353,42.38452601
0,-71.00895217,42.38442125
0,-71.0092634,42.38409548
0,-71.00961536,42.38395813
0,-71.01007702,42.38365989
0,-71.01059568,42.38292971
0,-71.01067184,42.38270282
0,-71.01086043,42.38195942
0,-71.01088577,42.38145874
0,-71.0109195,42.3810223
0,-71.01094653,42.38078203
0,-71.01109124,42.38054391
0,-71.01123378,42.38043652
0,-71.01144948,42.38035636
0,-71.01153979,42.38035675
0,-71.01181309,42.38043364
0,-71.01207174,42.38058457
0,-71.01232321,42.38085291
0,-71.01250738,42.38088033
0,-71.01298896,42.38086561
0,-71.01324503,42.38082471
0,-71.01342097,42.38061608
0,-71.01339693,42.38046889
0,-71.01324856,42.37993372
0,-71.01321203,42.37982298
0,-71.01321788,42.37968854
0,-71.01326554,42.3795551
0,-71.01347815,42.37943746
0,-71.01384437,42.37946315
0,-71.01440045,42.37934422
0,-71.01509791,42.37912983
0,-71.01521529,42.37922032
0,-71.01517798,42.37935545
0,-71.01585065,42.38034835
0,-71.01625437,42.38035883
0,-71.01654721,42.38025222
0,-71.01941246,42.37769988
0,-71.01946812,42.3776326
0,-71.01954644,42.37760165
0,-71.01961381,42.37745402
0,-71.01885578,42.37663476
0,-71.01738753,42.37596564
0,-71.01704024,42.37578966
0,-71.01630676,42.37554236
0,-71.01571848,42.37518178
0,-71.01567085,42.37511901
0,-71.01568112,42.37503371
0,-71.01572708,42.37497601
0,-71.01576471,42.37479862
0,-71.01581086,42.37471704
0,-71.01603486,42.37415661
0,-71.01311362,42.3719827
0,-71.0127689,42.37195791
0,-71.0121374,42.3717379
0,-71.012015,42.37158234
0,-71.01189849,42.37157389
0,-71.01156296,42.37174973
0,-71.01139924,42.37181682
0,-71.0111238,42.37197508
0,-71.01084884,42.37211825
0,-71.01022113,42.37270313
0,-71.01013584,42.37310419
0,-71.0104608,42.37333909
0,-71.01049881,42.37340154
0,-71.01045939,42.37352184
0,-71.01035368,42.37369592
0,-71.0096037,42.37429313
0,-71.00927529,42.37464572
0,-71.00901906,42.3748529
0,-71.00886708,42.37507507
0,-71.00906565,42.37552595
0,-71.00896757,42.37562267
0,-71.00874917,42.37572327
0,-71.00851446,42.37577935
0,-71.00706473,42.37844781
0,-71.00655682,42.37884297
0,-71.00634035,42.37888485
0,-71.00611799,42.37887512
0,-71.0059937,42.37896102
0,-71.00575138,42.37904203
0,-71.00560609,42.37921044
0,-71.00516828,42.37925246
0,-71.00491404,42.37915505
0,-71.00418436,42.37903693
0,-71.00338267,42.37861637
0,-71.00048137,42.37776151
0,-71.00600021,42.37613738
0,-71.00662092,42.37419251
0,-71.00884357,42.36862947
0,-71.01029996,42.36495657
0,-71.00250088,42.36480813
0,-71.00180119,42.36470988
0,-71.00157615,42.36462246
0,-71.00159122,42.36421366
0,-71.00181535,42.36399181
0,-71.00185566,42.36375928
0,-71.00180477,42.36364326
0,-71.00088343,42.36284458
0,-71.00068839,42.36275647
0,-71.0001811,42.36247354
0,-70.99966879,42.3620679
0,-70.99923433,42.36171397
0,-70.99872521,42.36171175
0,-70.99847764,42.36157512
0,-70.99819283,42.36128245
0,-70.99806401,42.36101105
0,-70.99776396,42.36096089
0,-70.99737144,42.36104644
0,-70.9972012,42.36119086
0,-70.99663618,42.36151795
0,-70.99632436,42.36145869
0,-70.99606348,42.36132308
0,-70.99461334,42.36147094
0,-70.9936573,42.36187835
0,-70.99303082,42.36151474
0,-70.99140394,42.36150756
0,-70.98931117,42.36210144
0,-70.98835233,42.36198055
0,-70.98809537,42.36193923
0,-70.98767245,42.36163534
0,-70.98708334,42.36095739
0,-70.98656243,42.35958191
0,-70.98676201,42.35938138
0,-70.98625708,42.35795522
0,-70.98632208,42.35765009
0,-70.991266,42.35399826
0,-70.99174196,42.35383818
0,-70.99214166,42.35386766
0,-70.9925775,42.3540496
0,-70.99309818,42.35412407
0,-70.99416681,42.35397761
0,-70.99453204,42.35404915
0,-70.99626761,42.35529628
0,-70.99668203,42.35561119
0,-70.99687799,42.35572484
0,-70.99715177,42.35572604
0,-70.99740145,42.35563986
0,-70.99754509,42.3555343
0,-70.99762496,42.35544738
0,-70.99776968,42.35525373
0,-70.99796569,42.35521645
0,-70.99825262,42.35523718
0,-70.99847482,42.35525681
0,-70.9986182,42.35532521
0,-70.99863098,42.35539387
0,-70.9985128,42.35546031
0,-70.99817318,42.35541053
0,-70.99772712,42.35576779
0,-70.99717632,42.35598821
0,-70.99852893,42.35673968
0,-70.99941524,42.35694771
0,-71.00091742,42.35689551
0,-71.00282669,42.3565454
0,-71.00361174,42.35631637
0,-71.0033579,42.35495365
0,-71.00337627,42.35478195
0,-71.00451732,42.35199664
0,-71.00462733,42.3510147
0,-71.00500274,42.3488796
0,-71.00477541,42.34727846
0,-71.00478918,42.34707984
0,-71.00492941,42.34712244
0,-71.00761372,42.34667844
0,-71.00773373,42.34670749
0,-71.01404346,42.35076076
0,-71.0140655,42.35087693
0,-71.01533676,42.35158698
0,-71.01670177,42.35245921
0,-71.02639317,42.35716899
0,-71.02742749,42.35768447
0,-71.02821854,42.35807985
0,-71.02815864,42.35822312
0,-71.0280698,42.35822989
0,-71.02766251,42.35950862
0,-71.02749967,42.36006923
0,-71.02698712,42.36081368
0,-71.02659477,42.36172283
0,-71.02628047,42.36278267
0,-71.0262697,42.36338057
0,-71.02645466,42.36437552
0,-71.02716596,42.36485536
0,-71.02825673,42.36392328
0,-71.02856226,42.36354146
0,-71.02867815,42.36348129
0,-71.02962962,42.36316358
0,-71.03071827,42.36295673
0,-71.03138534,42.36246771
0,-71.03198329,42.36236779
0,-71.03256783,42.36127664
0,-71.03374984,42.36049663
0,-71.03396268,42.36048487
0,-71.03560773,42.36138967
0,-71.03571796,42.36144554
0,-71.03727244,42.36280163
0,-71.03748214,42.36286559
0,-71.03752971,42.36293795
0,-71.0379762,42.36462736
0,-71.03857638,42.36488113
0,-71.04068268,42.36384872
0,-71.04184781,42.36442195
0,-71.04235958,42.36641263
0,-71.04294394,42.36701728
0,-71.04367549,42.36870428
0,-71.04378344,42.36924113
0,-71.04440111,42.36974876
0,-71.04497943,42.37053147
0,-71.0457183,42.37153049
0,-71.04560894,42.37171117
0,-71.04536291,42.37216462
0,-71.04507006,42.37259373
0,-71.04482477,42.37294373
0,-71.0446698,42.3731374
0,-71.04363588,42.3728696
0,-71.04217933,42.37321834
0,-71.04206448,42.37349147
0,-71.04129864,42.37402132
0,-71.04149114,42.37447294
0,-71.04149173,42.374749
0,-71.04189839,42.37501268
0,-71.04233242,42.37579235
0,-71.04303641,42.37665323
0,-71.04328879,42.37701508
0,-71.0432784,42.37712178
0,-71.04277496,42.37790404
0,-71.04286403,42.37822765
0,-71.04323596,42.37864183
0,-71.04325025,42.37881642
0,-71.04320501,42.37928931
0,-71.0431634,42.37987446
0,-71.04303408,42.38044604
0,-71.04221408,42.38217132
0,-71.04018855,42.38372271
0,-71.03940677,42.38398137
0,-71.03900828,42.3844191
0,-71.03732341,42.38522403
0,-71.03518819,42.38479833
0,-71.03352429,42.38441044
0,-71.03293749,42.38297263
0,-71.03103192,42.3830387
0,-71.02993768,42.38360198
0,-71.02900563,42.38355701
0,-71.02862948,42.38322151
0,-71.02790815,42.3827666
0,-71.02751904,42.38272933
0,-71.02723293,42.38337329
0,-71.02705008,42.38357039
0,-71.02626448,42.38383992
0,-71.02435914,42.38469623
0,-71.02268419,42.38589753
0,-71.02261913,42.38591864
0,-71.02218292,42.38604684
0,-71.02103501,42.38639688
0,-71.02055088,42.38634382
0,-71.01991907,42.3863379
0,-71.01943108,42.38664676
0,-71.01874097,42.38744296
0,-71.01869626,42.38748036
0,-71.01798998,42.38855007
0,-71.01665665,42.39014647
0,-71.0154864,42.3913204
0,-71.0148801,42.39203597
0,-71.01536474,42.39266722
0,-71.01561879,42.39288453
0,-71.01578983,42.39317421
0,-71.01572686,42.3938553
0,-71.01563088,42.39396383
0,-71.01521738,42.39430043
0,-71.0151512,42.39448209
0,-71.01460154,42.39495203
0,-71.01428649,42.3951458
0,-71.01307864,42.39541675
0,-71.01218194,42.39556799
0,-71.01148338,42.3960392
0,-71.01062952,42.39641956
0,-71.00947756,42.39662048
0,-71.00737552,42.39610185
0,-71.00643585,42.39574855
0,-71.00369542,42.39601386
0,-71.00136624,42.39669693
0,-71.00077164,42.396777
0,-70.99892676,42.39694565
0,-70.99853245,42.39694832
0,-70.99795763,42.39846597
0,-70.99656092,42.39874677
0,-70.99374009,42.39702277
0,-70.99363327,42.39685212
0,-70.99165445,42.39522711
0,-70.9891456,42.39479634
0,-70.98885352,42.39470549
1,-71.11079291,42.32898383
1,-71.10832093,42.3273274
1,-71.10715199,42.32687605
1,-71.10639271,42.32642179
1,-71.10584174,42.3262284
1,-71.10487978,42.3260991
1,-71.10420123,42.3261203
1,-71.10212502,42.32636863
1,-71.10045215,42.32642227
1,-71.09903359,42.32634856
1,-71.09788137,42.32629324
1,-71.09848055,42.32451137
1,-71.09854097,42.32425666
1,-71.09856438,42.32394665
1,-71.09852984,42.32356263
1,-71.09844734,42.32275228
1,-71.09844329,42.3220495
1,-71.09835291,42.31962724
1,-71.09831954,42.31830035
1,-71.09826713,42.3167116
1,-71.09826915,42.31616196
1,-71.09835981,42.3156837
1,-71.09771597,42.315179
1,-71.09519202,42.31340485
1,-71.09500799,42.31327496
1,-71.0946851,42.3130628
1,-71.09442177,42.31296034
1,-71.09422773,42.31289187
1,-71.09399898,42.31276017
1,-71.09373888,42.31255783
1,-71.09356047,42.31224437
1,-71.09350059,42.31206964
1,-71.09337251,42.31146136
1,-71.09328063,42.31114491
1,-71.09323007,42.31101631
1,-71.09300897,42.31067251
1,-71.09285136,42.31051774
1,-71.09266306,42.31032336
1,-71.09225456,42.310014
1,-71.09199641,42.30979931
1,-71.09160927,42.30952243
1,-71.08916761,42.30766145
1,-71.08889998,42.30748596
1,-71.08833792,42.30716399
1,-71.08713931,42.30655296
1,-71.08523457,42.30537179
1,-71.08474926,42.30532152
1,-71.08471833,42.30521116
1,-71.08562409,42.30201395
1,-71.08697866,42.29829
1,-71.08725411,42.29812865
1,-71.08952584,42.29762638
1,-71.09132663,42.29700796
1,-71.09158228,42.29679868
1,-71.09346695,42.29427857
1,-71.09441824,42.29333838
1,-71.09501382,42.29272158
1,-71.09558106,42.2921511
1,-71.09582129,42.29197483
1,-71.09423629,42.28848115
1,-71.09402395,42.28762939
1,-71.09470778,42.28731934
1,-71.09521198,42.28698644
1,-71.09917665,42.28280265
1,-71.09960176,42.28234066
1,-71.09995027,42.28204693
1,-71.1004749,42.28186856
1,-71.10205443,42.28155916
1,-71.10396607,42.28121839
1,-71.10531943,42.28054357
1,-71.10587677,42.28026851
1,-71.10730952,42.27893513
1,-71.10756334,42.27816096
1,-71.10762336,42.27790516
1,-71.10762682,42.27778879
1,-71.10830717,42.27617554
1,-71.10846706,42.27571812
1,-71.10856511,42.27543076
1,-71.10882268,42.27497999
1,-71.10907521,42.27457953
1,-71.11044083,42.27216719
1,-71.11018146,42.270752
1,-71.11010573,42.27058893
1,-71.11014844,42.27042471
1,-71.11038292,42.27003578
1,-71.11082162,42.2693491
1,-71.11124457,42.2684542
1,-71.11159191,42.26772272
1,-71.11167954,42.26740693
1,-71.11068693,42.2658975
1,-71.10897281,42.26335713
1,-71.10846171,42.26258895
1,-71.10504372,42.24589674
1,-71.12850538,42.22510809
1,-71.14372646,42.23125446
1,-71.14950869,42.25213919
1,-71.15887204,42.25197683
1,-71.17966951,42.27328469
1,-71.19630662,42.28190526
1,-71.16615471,42.30592786
1,-71.15230449,42.29588864
1,-71.13845235,42.30459344
1,-71.13450207,42.31146078
1,-71.12186407,42.32536909
1,-71.11778754,42.3242694
1,-71.11410765,42.33174902
1,-71.11210684,42.33197062
1,-71.11197962,42.33162978
1,-71.11079291,42.32898383
2,-71.11060824,42.3527727
2,-71.1105754,42.352211
2,-71.11049971,42.35218577
2,-71.1104903,42.35215281
2,-71.11028529,42.35210025
2,-71.11028314,42.35208954
2,-71.10920041,42.3521295
2,-71.10867328,42.35212057
2,-71.10806133,42.35200982
2,-71.10697594,42.35170235
2,-71.10588369,42.35162983
2,-71.10355397,42.35145543
2,-71.10329439,42.35149378
2,-71.10324643,42.35147303
2,-71.10126884,42.35171549
2,-71.10033911,42.35168825
2,-71.0993986,42.35152747
2,-71.09803178,42.35109764
2,-71.0972308,42.35104572
2,-71.09657618,42.35107471
2,-71.09601445,42.35115643
2,-71.09556283,42.3512004
2,-71.09507271,42.35119154
2,-71.09463018,42.3510857
2,-71.09439921,42.35110547
2,-71.09354923,42.35142654
2,-71.09340289,42.35157421
2,-71.09324257,42.35165185
2,-71.09279674,42.35177658
2,-71.09217037,42.35195182
2,-71.0919246,42.35198141
2,-71.09106171,42.35206064
2,-71.09024265,42.35210714
2,-71.09000104,42.35221147
2,-71.08988448,42.35194369
2,-71.08969812,42.35158684
2,-71.08960475,42.35138153
2,-71.08948086,42.35138728
2,-71.08930887,42.35105076
2,-71.08941276,42.35098075
2,-71.08930223,42.35079596
2,-71.08925915,42.35075209
2,-71.08913454,42.35078275
2,-71.08903715,42.35053804
2,-71.08913821,42.3505093
2,-71.0891467,42.35047736
2,-71.08905349,42.35048736
2,-71.08898189,42.35030749
2,-71.08900782,42.35023975
2,-71.08898657,42.35018454
2,-71.08888433,42.35003435
2,-71.08890225,42.35001026
2,-71.08877078,42.34974707
2,-71.08873961,42.34973894
2,-71.0885794,42.34943809
2,-71.08858706,42.34938293
2,-71.08833444,42.34886422
2,-71.08830604,42.34880628
2,-71.08820495,42.34883532
2,-71.08807214,42.34857111
2,-71.08818043,42.34854209
2,-71.08817587,42.34850465
2,-71.08790181,42.34856942
2,-71.08775614,42.34827696
2,-71.08803009,42.34820208
2,-71.08796613,42.34806463
2,-71.08765718,42.34810273
2,-71.0876772,42.3477954
2,-71.08767613,42.3477749
2,-71.08782388,42.34777454
2,-71.08752268,42.34718083
2,-71.08744431,42.3470381
2,-71.08725636,42.3469403
2,-71.08708402,42.34666169
2,-71.08720501,42.34654278
2,-71.08668968,42.34634931
2,-71.08674137,42.34615971
2,-71.08668977,42.34615151
2,-71.08662884,42.34610139
2,-71.08666944,42.34595363
2,-71.08692264,42.34599107
2,-71.08684175,42.3458696
2,-71.08642179,42.34580394
2,-71.08644889,42.34569979
2,-71.08639076,42.34558998
2,-71.08642766,42.34545736
2,-71.08668443,42.34549748
2,-71.08656868,42.34536438
2,-71.08641836,42.3450447
2,-71.08622092,42.34474735
2,-71.08527146,42.34475834
2,-71.08439325,42.34463607
2,-71.0843376,42.34455249
2,-71.0856201,42.34351748
2,-71.08557167,42.34337733
2,-71.08532656,42.34357425
2,-71.08475863,42.34318104
2,-71.08499415,42.34298053
2,-71.08463129,42.34279468
2,-71.08427444,42.34283804
2,-71.08404488,42.34268039
2,-71.08388765,42.34248023
2,-71.0840697,42.34237575
2,-71.08386501,42.3422645
2,-71.08359468,42.34228404
2,-71.08306785,42.34185355
2,-71.08277949,42.34168767
2,-71.08243137,42.34147791
2,-71.08205482,42.34120924
2,-71.08191432,42.3410234
2,-71.08169671,42.34087648
2,-71.08170778,42.34083642
2,-71.081791,42.34081083
2,-71.08150854,42.34062184
2,-71.08122002,42.34049428
2,-71.08102082,42.34046861
2,-71.08035887,42.33977299
2,-71.08039281,42.33972589
2,-71.08021863,42.33954972
2,-71.08033072,42.33948954
2,-71.08019821,42.33936877
2,-71.08009093,42.33925971
2,-71.07981836,42.33941906
2,-71.07977298,42.33937969
2,-71.07980487,42.33928091
2,-71.07954185,42.33909907
2,-71.07936951,42.33900845
2,-71.0791592,42.33902906
2,-71.07902369,42.33899827
2,-71.07865587,42.33868596
2,-71.07833455,42.33842282
2,-71.07817201,42.33830461
2,-71.07813651,42.33822429
2,-71.07818243,42.3380026
2,-71.07795865,42.3377024
2,-71.07782004,42.33759675
2,-71.0779721,42.33750917
2,-71.07782496,42.33738817
2,-71.07768868,42.33748489
2,-71.07735538,42.33721992
2,-71.0773757,42.33701545
2,-71.07701648,42.33671701
2,-71.0766975,42.33646371
2,-71.07649931,42.33628922
2,-71.07635332,42.33639027
2,-71.0759266,42.33608931
2,-71.07558259,42.33581272
2,-71.07552887,42.33576441
2,-71.07535569,42.3356221
2,-71.07531105,42.33565223
2,-71.0752764,42.33562626
2,-71.07529836,42.33557466
2,-71.07506783,42.33538848
2,-71.07509918,42.33536988
2,-71.07493079,42.33522937
2,-71.07506465,42.33512729
2,-71.07478163,42.33491878
2,-71.07342619,42.33378125
2,-71.07285998,42.33331404
2,-71.07257053,42.33351789
2,-71.07223607,42.33378484
2,-71.07188634,42.33345322
2,-71.07247539,42.33303381
2,-71.07245167,42.33292017
2,-71.07215626,42.33280706
2,-71.07190618,42.33265301
2,-71.07138754,42.33236267
2,-71.07148635,42.33260781
2,-71.07134657,42.3328238
2,-71.07103822,42.33313712
2,-71.07048505,42.33361089
2,-71.06986771,42.33400044
2,-71.06944684,42.33424756
2,-71.06906727,42.33443682
2,-71.06823741,42.33479367
2,-71.06781821,42.33500066
2,-71.06741646,42.33506693
2,-71.06719647,42.33493143
2,-71.06552539,42.33377583
2,-71.06680506,42.33156095
2,-71.06592501,42.33137515
2,-71.06575952,42.33134681
2,-71.06508329,42.33121061
2,-71.06443108,42.33237454
2,-71.06350896,42.33201612
2,-71.06370852,42.33170864
2,-71.06333061,42.3315762
2,-71.06357235,42.33120313
2,-71.06350352,42.33117548
2,-71.0636524,42.33092489
2,-71.06181666,42.33055581
2,-71.06104331,42.33040221
2,-71.06099049,42.33039213
2,-71.06022838,42.33032418
2,-71.06007765,42.33024787
2,-71.05995663,42.33020734
2,-71.0596163,42.33011356
2,-71.05918572,42.33002273
2,-71.05816851,42.32983799
2,-71.05817143,42.32998322
2,-71.05776548,42.32998516
2,-71.05775898,42.32976599
2,-71.05762584,42.32975476
2,-71.05762516,42.32985122
2,-71.05742455,42.32984688
2,-71.05733639,42.32982868
2,-71.057168,42.3296994
2,-71.05734196,42.32957192
2,-71.05718232,42.32955429
2,-71.0570499,42.3294817
2,-71.05748447,42.32885309
2,-71.0577882,42.32834092
2,-71.05799449,42.32784939
2,-71.05860225,42.32651012
2,-71.05896513,42.32569387
2,-71.05937664,42.32480353
2,-71.06013929,42.32375197
2,-71.06066722,42.32303398
2,-71.06090431,42.32272832
2,-71.06102464,42.32243076
2,-71.06118342,42.32198176
2,-71.0613416,42.32149912
2,-71.06136417,42.32134661
2,-71.06133829,42.32110591
2,-71.06128389,42.32077382
2,-71.06130751,42.32067068
2,-71.06135609,42.32059787
2,-71.06163345,42.32043237
2,-71.06179788,42.32034606
2,-71.06191684,42.32027148
2,-71.06238713,42.319938
2,-71.06252968,42.31980299
2,-71.06284047,42.31949293
2,-71.06302117,42.31926208
2,-71.06346948,42.3186447
2,-71.06355087,42.31853086
2,-71.0636416,42.31840387
2,-71.06388538,42.31806617
2,-71.06395071,42.31797477
2,-71.06419541,42.31765966
2,-71.06424973,42.31760212
2,-71.0643321,42.31752526
2,-71.06443868,42.31743062
2,-71.0645374,42.31735596
2,-71.06468097,42.31725746
2,-71.06497027,42.31709283
2,-71.06527249,42.31696583
2,-71.06549154,42.31683549
2,-71.06557704,42.31676619
2,-71.06567983,42.31666039
2,-71.06598176,42.31632866
2,-71.06619853,42.31602934
2,-71.0665009,42.31565521
2,-71.06699472,42.31507433
2,-71.06705455,42.31498452
2,-71.06715461,42.31485412
2,-71.06724562,42.31472694
2,-71.06742724,42.31449849
2,-71.0675563,42.31426465
2,-71.06760523,42.31414906
2,-71.06815692,42.31317798
2,-71.06820001,42.31307166
2,-71.06836702,42.31277542
2,-71.06852188,42.31262096
2,-71.06877256,42.31238607
2,-71.06887147,42.3122821
2,-71.06950042,42.31173935
2,-71.06969032,42.31156427
2,-71.06999749,42.3113631
2,-71.07026327,42.31126064
2,-71.07065969,42.31106495
2,-71.07074766,42.3110124
2,-71.07107132,42.31084639
2,-71.07153063,42.31062471
2,-71.07171902,42.31052823
2,-71.07185248,42.31044083
2,-71.07200275,42.31034448
2,-71.07219947,42.31021989
2,-71.0723549,42.31014308
2,-71.07267965,42.3099068
2,-71.07294575,42.30970984
2,-71.07309076,42.3096291
2,-71.07330999,42.30952015
2,-71.07352148,42.30938211
2,-71.07372245,42.30924723
2,-71.07392659,42.30909934
2,-71.07448201,42.30874215
2,-71.07465308,42.30864756
2,-71.0747611,42.30857133
2,-71.07482887,42.30851584
2,-71.07493447,42.30841762
2,-71.07500689,42.30835643
2,-71.07512256,42.30826704
2,-71.07523478,42.30818294
2,-71.07546075,42.30801023
2,-71.07569524,42.30778528
2,-71.07594127,42.30757498
2,-71.07606907,42.30748188
2,-71.07652644,42.30708622
2,-71.07666526,42.30700303
2,-71.07698622,42.30677186
2,-71.07706664,42.30669569
2,-71.07722023,42.30658921
2,-71.07744539,42.30646283
2,-71.07764294,42.30636137
2,-71.07788242,42.30625363
2,-71.07803009,42.30619772
2,-71.078163,42.30615237
2,-71.07851765,42.30607794
2,-71.07914293,42.30594611
2,-71.07943796,42.30588073
2,-71.07964145,42.30582759
2,-71.07983152,42.30576397
2,-71.07997844,42.30569119
2,-71.08040022,42.30544407
2,-71.08061713,42.3053469
2,-71.08085242,42.3052063
2,-71.08103586,42.30507905
2,-71.0817423,42.30464571
2,-71.08194056,42.30450875
2,-71.08229396,42.30423204
2,-71.08249171,42.30412409
2,-71.08303767,42.30368617
2,-71.08332891,42.30355978
2,-71.0835732,42.30349754
2,-71.0838044,42.30347456
2,-71.08400504,42.30346219
2,-71.08432307,42.30344909
2,-71.08496752,42.30343084
2,-71.08522437,42.30342493
2,-71.08471833,42.30521116
2,-71.08474926,42.30532152
2,-71.08523457,42.30537179
2,-71.08619253,42.30596585
2,-71.08713931,42.30655296
2,-71.08744318,42.30670787
2,-71.08802059,42.30700222
2,-71.08851965,42.30726809
2,-71.08873534,42.30739165
2,-71.08894129,42.30751305
2,-71.08916761,42.30766145
2,-71.08952095,42.30793076
2,-71.0899112,42.30822821
2,-71.09024012,42.30847891
2,-71.09085061,42.30894421
2,-71.09124565,42.3092453
2,-71.09147261,42.30941827
2,-71.09199641,42.30979931
2,-71.09237022,42.31010158
2,-71.09269477,42.3103561
2,-71.09286316,42.31052932
2,-71.09303112,42.31070115
2,-71.09306082,42.31075314
2,-71.09323007,42.31101631
2,-71.09328063,42.31114491
2,-71.09334554,42.31136847
2,-71.09340587,42.31161979
2,-71.09350059,42.31206964
2,-71.09355482,42.3122279
2,-71.09373888,42.31255783
2,-71.09399898,42.31276017
2,-71.09422773,42.31289187
2,-71.0946851,42.3130628
2,-71.09508833,42.31333166
2,-71.09767169,42.31514788
2,-71.09835981,42.3156837
2,-71.09828387,42.31608425
2,-71.09844649,42.32260605
2,-71.09858144,42.32393875
2,-71.09848055,42.32451137
2,-71.09788137,42.32629324
2,-71.10053671,42.32642651
2,-71.1020399,42.32637822
2,-71.10323632,42.3262435
2,-71.10405328,42.32613991
2,-71.10487978,42.3260991
2,-71.10584174,42.3262284
2,-71.10639271,42.32642179
2,-71.10715199,42.32687605
2,-71.10832093,42.3273274
2,-71.10877149,42.3276002
2,-71.11079291,42.32898383
2,-71.11195465,42.33163395
2,-71.11210684,42.33197062
2,-71.11410765,42.33174902
2,-71.11323339,42.33283721
2,-71.11288418,42.33324336
2,-71.11249636,42.33366368
2,-71.11183253,42.33432888
2,-71.11072827,42.33534704
2,-71.1110736,42.33557688
2,-71.1111397,42.33579149
2,-71.11082859,42.33626208
2,-71.11171757,42.33736701
2,-71.11108026,42.33919425
2,-71.11056044,42.34070746
2,-71.10978533,42.34143945
2,-71.10838497,42.34202782
2,-71.10833473,42.34236351
2,-71.10583069,42.34383419
2,-71.10735266,42.34694365
2,-71.10704374,42.34861645
2,-71.11089067,42.34962915
2,-71.11090003,42.35042023
2,-71.11060824,42.3527727
3,-71.05685198,42.32482385
3,-71.05682092,42.32315396
3,-71.05679214,42.32125517
3,-71.05675738,42.31961187
3,-71.05670307,42.31706171
3,-71.05669148,42.31635173
3,-71.05668947,42.31543098
3,-71.05672976,42.31512522
3,-71.05699329,42.3139536
3,-71.05747805,42.3117719
3,-71.05787031,42.31004935
3,-71.05826153,42.30833524
3,-71.0585863,42.30691684
3,-71.05900019,42.3050683
3,-71.05947928,42.30295274
3,-71.05980567,42.30151021
3,-71.06022348,42.30004695
3,-71.06055547,42.29890817
3,-71.06064114,42.29862706
3,-71.06077474,42.29817554
3,-71.06123533,42.29658468
3,-71.06176464,42.29475765
3,-71.06239889,42.29258596
3,-71.06299174,42.29047344
3,-71.06339787,42.28902218
3,-71.06374292,42.28778349
3,-71.06411752,42.28643678
3,-71.06430861,42.28576454
3,-71.06470622,42.28431518
3,-71.06532426,42.28209352
3,-71.06582298,42.28031072
3,-71.06636116,42.27841132
3,-71.06690985,42.27648243
3,-71.06733652,42.27497182
3,-71.06769497,42.27365518
3,-71.06798541,42.272496
3,-71.06804145,42.27222451
3,-71.06796706,42.27190994
3,-71.06804113,42.27165371
3,-71.06818932,42.27137578
3,-71.06804315,42.27105027
3,-71.06808781,42.27049174
3,-71.06829333,42.27043727
3,-71.0686265,42.27048753
3,-71.06872259,42.27064649
3,-71.06873232,42.27082016
3,-71.06940907,42.27078629
3,-71.06971994,42.27076596
3,-71.07017985,42.27072515
3,-71.07064143,42.27076502
3,-71.07090849,42.27083023
3,-71.0711644,42.27096044
3,-71.071991,42.27094843
3,-71.07288839,42.27057665
3,-71.07298166,42.27044335
3,-71.07319578,42.27035935
3,-71.07343899,42.27040115
3,-71.07494085,42.27041028
3,-71.07514225,42.27045932
3,-71.07555292,42.27059805
3,-71.07715495,42.27058416
3,-71.07793419,42.2700462
3,-71.0785671,42.26976889
3,-71.07907878,42.26966375
3,-71.08020131,42.26954135
3,-71.0811366,42.26890236
3,-71.08223511,42.26860972
3,-71.08323912,42.26880848
3,-71.08699921,42.26948505
3,-71.08892204,42.2698679
3,-71.0902299,42.26913824
3,-71.09006619,42.2682867
3,-71.08993684,42.26789245
3,-71.09019357,42.26715739
3,-71.0902489,42.26671468
3,-71.09058715,42.26656908
3,-71.09090894,42.26651232
3,-71.09131152,42.2665895
3,-71.09176551,42.26671405
3,-71.09259385,42.2667694
3,-71.09284429,42.2668345
3,-71.09316782,42.26708262
3,-71.09360608,42.26718379
3,-71.09404042,42.26720673
3,-71.09466216,42.26675285
3,-71.09592395,42.2652889
3,-71.09624956,42.26503786
3,-71.09708848,42.26395735
3,-71.09734882,42.26344216
3,-71.09757294,42.26315049
3,-71.09770117,42.26304018
3,-71.09787031,42.26294236
3,-71.09808422,42.26288356
3,-71.09821433,42.26287015
3,-71.09883577,42.26274789
3,-71.0991311,42.2625978
3,-71.09950367,42.26222636
3,-71.100146,42.26159855
3,-71.10040872,42.26140083
3,-71.10204015,42.26040594
3,-71.10230304,42.26019116
3,-71.10236214,42.26013429
3,-71.10252334,42.26005307
3,-71.10269556,42.25998396
3,-71.10306173,42.25986103
3,-71.1033158,42.25981529
3,-71.10340297,42.25980913
3,-71.10349914,42.25979081
3,-71.103608,42.25980984
3,-71.10366319,42.25984406
3,-71.10390605,42.25993738
3,-71.10413743,42.26015469
3,-71.10474176,42.26075197
3,-71.10525017,42.2609749
3,-71.10567228,42.26099775
3,-71.10676316,42.26086221
3,-71.10695608,42.26074887
3,-71.10699823,42.26074298
3,-71.10702658,42.26075899
3,-71.10735032,42.26079769
3,-71.1075866,42.26082155
3,-71.10779571,42.2608771
3,-71.10793723,42.26093334
3,-71.10809043,42.26101125
3,-71.10846171,42.26258895
3,-71.10868386,42.26296194
3,-71.10895619,42.26333301
3,-71.11033273,42.26536114
3,-71.1115977,42.26727112
3,-71.11167435,42.26740705
3,-71.11159191,42.26772272
3,-71.1114174,42.26808851
3,-71.11082162,42.2693491
3,-71.11023925,42.27026066
3,-71.11014844,42.27042471
3,-71.11010573,42.27058893
3,-71.11018146,42.270752
3,-71.11040183,42.27180769
3,-71.11044083,42.27216719
3,-71.10979906,42.27329376
3,-71.10918408,42.2743675
3,-71.10894583,42.27477852
3,-71.10861581,42.27531841
3,-71.10856511,42.27543076
3,-71.10832417,42.27613687
3,-71.10807832,42.27670565
3,-71.10776833,42.27745855
3,-71.10762682,42.27778879
3,-71.10762336,42.27790516
3,-71.10743184,42.2787214
3,-71.10730952,42.27893513
3,-71.10705621,42.27919355
3,-71.10604862,42.28013177
3,-71.10587677,42.28026851
3,-71.10557748,42.28041297
3,-71.10480555,42.28080364
3,-71.10439103,42.28102429
3,-71.10396607,42.28121839
3,-71.10351043,42.28129962
3,-71.10208411,42.28155422
3,-71.1004749,42.28186856
3,-71.09995027,42.28204693
3,-71.09960176,42.28234066
3,-71.09935967,42.28260376
3,-71.0985823,42.2834299
3,-71.09733463,42.28474657
3,-71.09670445,42.28540537
3,-71.09521198,42.28698644
3,-71.09470778,42.28731934
3,-71.09397298,42.28762967
3,-71.09501456,42.29019668
3,-71.09535471,42.29094642
3,-71.09582129,42.29197483
3,-71.09558106,42.2921511
3,-71.09512237,42.29261045
3,-71.09481432,42.29293222
3,-71.0942867,42.29346838
3,-71.0938096,42.29393992
3,-71.09347559,42.29426724
3,-71.09345972,42.29428823
3,-71.09299227,42.29491331
3,-71.09233707,42.29578944
3,-71.09194932,42.29630791
3,-71.09152685,42.29684406
3,-71.09132995,42.29700908
3,-71.09096224,42.2971331
3,-71.09038078,42.29733279
3,-71.08973507,42.29755453
3,-71.08952584,42.29762638
3,-71.08894411,42.29775501
3,-71.0878173,42.29800414
3,-71.08725411,42.29812865
3,-71.08697866,42.29829
3,-71.08687632,42.29857135
3,-71.0866302,42.29924801
3,-71.0864001,42.29988062
3,-71.08620542,42.30041582
3,-71.08589398,42.30127346
3,-71.08569111,42.30182786
3,-71.08562412,42.30200846
3,-71.08543088,42.30269596
3,-71.08522437,42.30342493
3,-71.08496752,42.30343084
3,-71.08443362,42.30344675
3,-71.08432307,42.30344909
3,-71.08403049,42.30346114
3,-71.08381702,42.30347378
3,-71.0835732,42.30349754
3,-71.08332891,42.30355978
3,-71.08303767,42.30368617
3,-71.08274815,42.30391839
3,-71.08248912,42.30412408
3,-71.08229397,42.30423039
3,-71.08207067,42.30440687
3,-71.08190542,42.30453302
3,-71.08176015,42.30463338
3,-71.08129136,42.30492233
3,-71.08103586,42.30507905
3,-71.08085242,42.3052063
3,-71.08061823,42.30534773
3,-71.08040023,42.30544243
3,-71.08019375,42.30556504
3,-71.07998951,42.3056847
3,-71.07983152,42.30576397
3,-71.07964145,42.30582759
3,-71.07949351,42.30586622
3,-71.07914293,42.30594611
3,-71.07872889,42.3060334
3,-71.07852097,42.30608042
3,-71.07816411,42.30615238
3,-71.07803009,42.30619772
3,-71.07787353,42.30625762
3,-71.07764294,42.30636137
3,-71.07744539,42.30646283
3,-71.07738505,42.3064967
3,-71.07721235,42.30659467
3,-71.07706664,42.30669569
3,-71.07698622,42.30677186
3,-71.07666527,42.30700111
3,-71.07652644,42.30708622
3,-71.07628842,42.30729213
3,-71.07607017,42.30748298
3,-71.07594238,42.30757498
3,-71.07568455,42.30779553
3,-71.07546075,42.30801023
3,-71.07523478,42.30818184
3,-71.07512145,42.30826704
3,-71.07493447,42.30841762
3,-71.0747611,42.30857133
3,-71.07465567,42.30864757
3,-71.07448311,42.30874407
3,-71.07393277,42.30909537
3,-71.07367108,42.3092817
3,-71.07331221,42.30952016
3,-71.07310014,42.30962444
3,-71.07294575,42.30970984
3,-71.07235748,42.31014474
3,-71.07219947,42.31021989
3,-71.07190892,42.31040464
3,-71.07171902,42.31052823
3,-71.07076159,42.31100525
3,-71.0706673,42.3110604
3,-71.07026327,42.31126064
3,-71.06999749,42.3113631
3,-71.06969032,42.31156427
3,-71.06887147,42.3122821
3,-71.06877256,42.31238607
3,-71.06852188,42.31262096
3,-71.06836702,42.31277542
3,-71.06820001,42.31307166
3,-71.06815692,42.31317798
3,-71.06760523,42.31414906
3,-71.0675563,42.31426465
3,-71.06743094,42.3144985
3,-71.06724562,42.31472694
3,-71.06705455,42.31498452
3,-71.06699472,42.31507433
3,-71.0665009,42.31565521
3,-71.06627787,42.31593117
3,-71.06614269,42.31610645
3,-71.06597297,42.31633832
3,-71.06566782,42.31667276
3,-71.06557704,42.31676619
3,-71.06549153,42.31683658
3,-71.0652725,42.31696473
3,-71.06497027,42.31709283
3,-71.06466913,42.31726558
3,-71.06447941,42.31739981
3,-71.06435833,42.31750197
3,-71.06419541,42.31765966
3,-71.06394962,42.31797284
3,-71.06388758,42.3180681
3,-71.0636464,42.31840471
3,-71.06346948,42.3186447
3,-71.06284047,42.31949293
3,-71.0625249,42.31980022
3,-71.06238971,42.31993884
3,-71.06179788,42.32034606
3,-71.06163456,42.32043237
3,-71.06136087,42.32060036
3,-71.0613101,42.32067069
3,-71.06128173,42.32076247
3,-71.06136417,42.32134661
3,-71.0613416,42.32149912
3,-71.06101167,42.32246284
3,-71.06090431,42.32272832
3,-71.05937664,42.32480353
3,-71.05908438,42.32542606
3,-71.05880002,42.32540128
3,-71.0587598,42.32548667
3,-71.05831207,42.32546624
3,-71.05753922,42.32523338
3,-71.05726361,42.32492812
3,-71.05699632,42.32486041
3,-71.05685198,42.32482385
4,-71.04560092,42.3551084
4,-71.04365062,42.3546704
4,-71.04159295,42.35383981
4,-71.03323748,42.35065542
4,-71.02613471,42.34805954
4,-71.0232478,42.34687587
4,-71.02188623,42.34441178
4,-71.01419133,42.34195867
4,-71.00992355,42.33930042
4,-71.00954561,42.33888248
4,-71.00952155,42.33662174
4,-71.01268107,42.33393398
4,-71.02038133,42.33217638
4,-71.03297401,42.32906344
4,-71.03620913,42.32836554
4,-71.03735606,42.32885477
4,-71.04148577,42.32962787
4,-71.0465586,42.32823999
4,-71.04618475,42.32343796
4,-71.04398188,42.3227262
4,-71.04349847,42.3223305
4,-71.03930339,42.31998181
4,-71.03651754,42.31857166
4,-71.03305208,42.31632666
4,-71.03266489,42.31333043
4,-71.03683145,42.31043798
4,-71.0373562,42.31026804
4,-71.03907913,42.31106993
4,-71.04413702,42.3141756
4,-71.04585717,42.31353644
4,-71.044961,42.31244886
4,-71.04407517,42.31157217
4,-71.04242194,42.31011818
4,-71.04250801,42.30964639
4,-71.04513071,42.30853597
4,-71.04554074,42.30796544
4,-71.04617547,42.30662964
4,-71.04634583,42.30581312
4,-71.04658713,42.30515658
4,-71.04720032,42.30434454
4,-71.04743922,42.30417727
4,-71.04688926,42.30302558
4,-71.04367933,42.30237212
4,-71.04335021,42.30177315
4,-71.04337954,42.30103811
4,-71.04339746,42.29988702
4,-71.04343781,42.29977659
4,-71.04405391,42.29953399
4,-71.04480199,42.29918598
4,-71.04479844,42.29731474
4,-71.04467172,42.29674045
4,-71.04455747,42.296282
4,-71.0447349,42.29597261
4,-71.04492399,42.29589241
4,-71.04565646,42.29554139
4,-71.0449784,42.29433862
4,-71.04446148,42.29359429
4,-71.04420719,42.2935941
4,-71.04221888,42.29320751
4,-71.04218483,42.29326527
4,-71.04210436,42.29330172
4,-71.04076799,42.29368907
4,-71.04050686,42.29361229
4,-71.03965378,42.2929533
4,-71.03938976,42.29276592
4,-71.03922327,42.29252578
4,-71.038653,42.29161701
4,-71.03786894,42.29082547
4,-71.03782,42.28917605
4,-71.03735896,42.28833751
4,-71.03783143,42.2874064
4,-71.03803135,42.28715694
4,-71.03818351,42.28701925
4,-71.0385758,42.28669043
4,-71.03846458,42.28602865
4,-71.04013859,42.28482547
4,-71.04042341,42.28463672
4,-71.0406144,42.2844432
4,-71.0414317,42.28359825
4,-71.04152587,42.28314776
4,-71.04168169,42.28168548
4,-71.04169055,42.28066525
4,-71.04179012,42.27967227
4,-71.04184189,42.27910553
4,-71.04218443,42.2785844
4,-71.04337846,42.27750605
4,-71.04372359,42.27725003
4,-71.04383849,42.27714977
4,-71.04410353,42.27698233
4,-71.04433093,42.27691024
4,-71.0446665,42.27680098
4,-71.04490532,42.27678601
4,-71.04506111,42.27680529
4,-71.04546591,42.27688263
4,-71.0458883,42.27703304
4,-71.04613817,42.27717754
4,-71.04726263,42.27784661
4,-71.04785442,42.27797572
4,-71.04797052,42.27801789
4,-71.04835067,42.27818596
4,-71.05045385,42.27836187
4,-71.05149488,42.27824547
4,-71.05249525,42.27797414
4,-71.05339476,42.27769966
4,-71.05358629,42.27757747
4,-71.05472134,42.27738237
4,-71.05584214,42.27653301
4,-71.05614162,42.27624357
4,-71.0563802,42.27541768
4,-71.05603733,42.27435876
4,-71.05464807,42.27314157
4,-71.05433796,42.27273588
4,-71.05430349,42.27233044
4,-71.0543173,42.27225832
4,-71.05459729,42.27200722
4,-71.05479977,42.2719018
4,-71.05599518,42.27146353
4,-71.05655348,42.27125027
4,-71.05700152,42.27100964
4,-71.0574547,42.27071452
4,-71.05807859,42.27015465
4,-71.05834917,42.26992491
4,-71.05865046,42.26952871
4,-71.05884735,42.26932284
4,-71.05973175,42.26912563
4,-71.05976679,42.26908131
4,-71.06008449,42.268981
4,-71.06053985,42.2688491
4,-71.06121869,42.2687241
4,-71.06130658,42.26830403
4,-71.06130257,42.26818903
4,-71.06151065,42.26796536
4,-71.06190051,42.26779479
4,-71.06239904,42.26750883
4,-71.06252003,42.26753618
4,-71.06284464,42.26777177
4,-71.06309838,42.26805236
4,-71.06309671,42.26813248
4,-71.06304935,42.26819569
4,-71.06309373,42.26856468
4,-71.06381447,42.26874581
4,-71.06409783,42.26874219
4,-71.06431338,42.26877347
4,-71.06450824,42.26885873
4,-71.06468144,42.26897876
4,-71.06472316,42.26903682
4,-71.06474232,42.26920538
4,-71.06472123,42.26931754
4,-71.06458474,42.26998549
4,-71.06504381,42.27071251
4,-71.06578727,42.27077045
4,-71.06619865,42.2706134
4,-71.06632007,42.27057644
4,-71.06663832,42.27052863
4,-71.06673902,42.27053882
4,-71.06719673,42.27062341
4,-71.06808813,42.2704441
4,-71.06803865,42.27100618
4,-71.06818964,42.27132814
4,-71.06804451,42.27159935
4,-71.06796738,42.2718623
4,-71.06804177,42.27217687
4,-71.06800069,42.27237591
4,-71.06796092,42.27254739
4,-71.06709558,42.27577523
4,-71.06599681,42.27965074
4,-71.0654015,42.28176475
4,-71.06425318,42.28590008
4,-71.0634049,42.28895048
4,-71.0621461,42.29340502
4,-71.06153573,42.29549989
4,-71.059806,42.30146257
4,-71.05924687,42.30392623
4,-71.05872683,42.30624056
4,-71.05815542,42.30876914
4,-71.0575523,42.31139967
4,-71.05700862,42.31381967
4,-71.05673009,42.31507758
4,-71.0566898,42.31538334
4,-71.05675803,42.31958982
4,-71.05685232,42.32477621
4,-71.05726395,42.32488048
4,-71.05753955,42.32518574
4,-71.0583124,42.3254186
4,-71.05876014,42.32543903
4,-71.05880036,42.32535364
4,-71.05883632,42.32536269
4,-71.05908472,42.32537842
4,-71.05851836,42.32664808
4,-71.05778853,42.32829329
4,-71.05745798,42.32884424
4,-71.05719414,42.32923942
4,-71.05705023,42.32943406
4,-71.05719002,42.32951107
4,-71.0573423,42.32952346
4,-71.05716833,42.32965176
4,-71.05733673,42.32978104
4,-71.05742488,42.32979924
4,-71.05762549,42.32980359
4,-71.05762617,42.32970712
4,-71.05775932,42.32971835
4,-71.05776581,42.32993752
4,-71.05817176,42.32993558
4,-71.05816884,42.32979035
4,-71.05964843,42.33007468
4,-71.06007798,42.33020023
4,-71.06016866,42.33024338
4,-71.06022871,42.33027654
4,-71.06099082,42.33034449
4,-71.06365273,42.33087725
4,-71.06350385,42.33112784
4,-71.06357268,42.33115549
4,-71.06333094,42.33152856
4,-71.06370885,42.331661
4,-71.06350929,42.33196848
4,-71.06443141,42.3323269
4,-71.06508362,42.33116298
4,-71.06680538,42.33151331
4,-71.06552571,42.33372819
4,-71.06739788,42.33502107
4,-71.06781853,42.33495302
4,-71.06823773,42.33474603
4,-71.06904739,42.33439786
4,-71.06988619,42.33394765
4,-71.07051638,42.33354172
4,-71.07081041,42.33329801
4,-71.07134203,42.3327841
4,-71.07148402,42.33256894
4,-71.07138786,42.33231503
4,-71.07215659,42.33275942
4,-71.07245199,42.33287253
4,-71.07247571,42.33298617
4,-71.07188666,42.33340559
4,-71.07073968,42.33422303
4,-71.07004378,42.33469997
4,-71.06895679,42.33507249
4,-71.06778855,42.33549136
4,-71.06597441,42.33663013
4,-71.06439562,42.33617621
4,-71.06419291,42.33666345
4,-71.06390253,42.3369911
4,-71.06187287,42.33803574
4,-71.06151643,42.33903406
4,-71.06076808,42.34011183
4,-71.06043462,42.34088495
4,-71.06030886,42.34152411
4,-71.06033008,42.34230297
4,-71.06159846,42.34262229
4,-71.06103658,42.34278232
4,-71.06072242,42.3435404
4,-71.06058233,42.34378419
4,-71.06012326,42.34426672
4,-71.05947474,42.34484542
4,-71.05918082,42.3450212
4,-71.0584925,42.34537093
4,-71.05752881,42.34563698
4,-71.05713169,42.34577216
4,-71.05644682,42.34606544
4,-71.05623511,42.3463524
4,-71.05603476,42.34701274
4,-71.05589437,42.34721701
4,-71.05312093,42.35136447
4,-71.05223372,42.35250338
4,-71.05170462,42.35287725
4,-71.05094831,42.35401479
4,-71.05068371,42.35441572
4,-71.05032068,42.35494886
4,-71.04560092,42.3551084
5,-71.04752313,42.38177084
5,-71.0473233,42.3811455
5,-71.04770961,42.3799174
5,-71.04815308,42.37923585
5,-71.04749772,42.37694417
5,-71.04765785,42.37690831
5,-71.0487198,42.37523199
5,-71.04867535,42.37342237
5,-71.04892016,42.3730839
5,-71.0492147,42.3725708
5,-71.04931093,42.3724134
5,-71.0496318,42.37189162
5,-71.04997231,42.37167646
5,-71.05052009,42.37135424
5,-71.05072034,42.37124198
5,-71.05348778,42.37191216
5,-71.05418028,42.37184542
5,-71.05608414,42.37144446
5,-71.05770915,42.37069692
5,-71.05958098,42.37068983
5,-71.06084943,42.36990905
5,-71.06066048,42.36892814
5,-71.05933236,42.36776039
5,-71.05834879,42.36823491
5,-71.05805675,42.36840502
5,-71.05727314,42.36875216
5,-71.0565906,42.36893475
5,-71.05576477,42.36902075
5,-71.05552297,42.36904369
5,-71.0550601,42.36908663
5,-71.05359909,42.36872451
5,-71.05330564,42.36893467
5,-71.05201219,42.36968151
5,-71.05091098,42.36925298
5,-71.05025164,42.36887529
5,-71.04980089,42.36874076
5,-71.04982039,42.36785527
5,-71.04933556,42.36708531
5,-71.04914339,42.36658376
5,-71.04907994,42.36634834
5,-71.04907236,42.366269
5,-71.04877284,42.36530658
5,-71.04879123,42.36490656
5,-71.04924081,42.36454391
5,-71.04944441,42.36380517
5,-71.04837809,42.36353372
5,-71.0482976,42.36319835
5,-71.0479624,42.36220971
5,-71.04787992,42.3619465
5,-71.04859756,42.36155636
5,-71.04940964,42.3614117
5,-71.04930799,42.36067253
5,-71.04770321,42.36062974
5,-71.0476724,42.36038567
5,-71.04765563,42.36004067
5,-71.04845814,42.35957705
5,-71.04837597,42.35927021
5,-71.04843842,42.35896998
5,-71.0486733,42.35871982
5,-71.04943992,42.35835649
5,-71.04908686,42.35748742
5,-71.04898801,42.35721313
5,-71.04921862,42.35685789
5,-71.04917758,42.3566983
5,-71.04948159,42.35619513
5,-71.05032034,42.3549965
5,-71.05170462,42.35287725
5,-71.05223372,42.35250338
5,-71.05296551,42.35156398
5,-71.05430138,42.34962459
5,-71.0558707,42.34725242
5,-71.05603476,42.34701274
5,-71.05615636,42.34661752
5,-71.05623511,42.3463524
5,-71.05644682,42.34606544
5,-71.05713169,42.34577216
5,-71.05752881,42.34563698
5,-71.0584925,42.34537093
5,-71.05947474,42.34484542
5,-71.06012326,42.34426672
5,-71.06058233,42.34378419
5,-71.06103658,42.34278232
5,-71.06159846,42.34262229
5,-71.06033008,42.34230297
5,-71.06030853,42.34157175
5,-71.06043462,42.34088495
5,-71.06079229,42.3400874
5,-71.0615161,42.3390817
5,-71.06187287,42.33803574
5,-71.06390253,42.3369911
5,-71.06419291,42.33666345
5,-71.06439562,42.33617621
5,-71.06597441,42.33663013
5,-71.06778855,42.33549136
5,-71.07004378,42.33469997
5,-71.07247571,42.33298617
5,-71.07223607,42.33378484
5,-71.07285998,42.33331404
5,-71.07506465,42.33512729
5,-71.07493079,42.33522937
5,-71.07509918,42.33536988
5,-71.07506783,42.33538848
5,-71.07529836,42.33557466
5,-71.0752764,42.33562626
5,-71.07531105,42.33565223
5,-71.07535569,42.3356221
5,-71.07558259,42.33581272
5,-71.0759266,42.33608931
5,-71.07635332,42.33639027
5,-71.07649931,42.33628922
5,-71.0773757,42.33701545
5,-71.07735538,42.33721992
5,-71.07768868,42.33748489
5,-71.07782496,42.33738817
5,-71.07782004,42.33759675
5,-71.07795865,42.3377024
5,-71.07818243,42.3380026
5,-71.07813651,42.33822429
5,-71.07817201,42.33830461
5,-71.07902369,42.33899827
5,-71.0791592,42.33902906
5,-71.07936951,42.33900845
5,-71.07954185,42.33909907
5,-71.07980487,42.33928091
5,-71.07977298,42.33937969
5,-71.07981836,42.33941906
5,-71.08009093,42.33925971
5,-71.08033072,42.33948954
5,-71.08021863,42.33954972
5,-71.08039281,42.33972589
5,-71.08035887,42.33977299
5,-71.08102082,42.34046861
5,-71.08122002,42.34049428
5,-71.08150854,42.34062184
5,-71.081791,42.34081083
5,-71.08170778,42.34083642
5,-71.08169671,42.34087648
5,-71.08191432,42.3410234
5,-71.08205482,42.34120924
5,-71.0824529,42.34149224
5,-71.08306786,42.34185266
5,-71.08359468,42.34228404
5,-71.08386501,42.3422645
5,-71.0840697,42.34237575
5,-71.08388765,42.34248023
5,-71.08404488,42.34268039
5,-71.08427444,42.34283804
5,-71.08463389,42.34279222
5,-71.08499415,42.34298053
5,-71.08475863,42.34318104
5,-71.08532656,42.34357425
5,-71.08557167,42.34337733
5,-71.0856201,42.34351748
5,-71.0843376,42.34455249
5,-71.08439325,42.34463607
5,-71.08527146,42.34475834
5,-71.08622092,42.34474735
5,-71.08656868,42.34536438
5,-71.08668443,42.34549748
5,-71.08642766,42.34545736
5,-71.08639076,42.34558998
5,-71.08644889,42.34569979
5,-71.08643012,42.34579251
5,-71.08686212,42.3458591
5,-71.08692155,42.34599103
5,-71.08666944,42.34595363
5,-71.08662884,42.34610139
5,-71.08668977,42.34615151
5,-71.08674139,42.34615526
5,-71.08668968,42.34634931
5,-71.08720501,42.34654278
5,-71.08708402,42.34666169
5,-71.08725636,42.3469403
5,-71.08744431,42.3470381
5,-71.08782388,42.34777454
5,-71.08767613,42.3477749
5,-71.08765718,42.34810273
5,-71.08796613,42.34806463
5,-71.08803009,42.34820208
5,-71.08775614,42.34827696
5,-71.08790181,42.34856942
5,-71.08816401,42.34850633
5,-71.08818043,42.34854209
5,-71.08807214,42.34857111
5,-71.08820495,42.34883532
5,-71.08830604,42.34880628
5,-71.08858706,42.34938293
5,-71.0885794,42.34943809
5,-71.08873961,42.34973894
5,-71.08877078,42.34974707
5,-71.08890225,42.35001026
5,-71.08888433,42.35003435
5,-71.08897917,42.35018452
5,-71.08900782,42.35023975
5,-71.08898189,42.35030749
5,-71.08905349,42.35048736
5,-71.0891467,42.35047736
5,-71.08915767,42.3504977
5,-71.08903715,42.35053804
5,-71.08913454,42.35078275
5,-71.08925915,42.35075209
5,-71.08930223,42.35079596
5,-71.08941276,42.35098075
5,-71.08930887,42.35105076
5,-71.08948086,42.35138728
5,-71.08960475,42.35138153
5,-71.09000104,42.35221147
5,-71.08893344,42.35240708
5,-71.0887029,42.35244932
5,-71.08587207,42.35328544
5,-71.08448111,42.35434184
5,-71.08199924,42.35494253
5,-71.07986437,42.35549038
5,-71.07673105,42.3564515
5,-71.07571706,42.35714037
5,-71.07499878,42.35853939
5,-71.07411661,42.35987442
5,-71.07302862,42.3613832
5,-71.07313536,42.36283351
5,-71.07283413,42.36421164
5,-71.07325384,42.36824401
5,-71.07274308,42.36879365
5,-71.06988668,42.36881319
5,-71.06476553,42.36918962
5,-71.06434158,42.36959839
5,-71.0670735,42.37184719
5,-71.07233194,42.37254136
5,-71.07586813,42.37903842
5,-71.07583874,42.38001664
5,-71.07994051,42.38054223
5,-71.08070146,42.38103518
5,-71.08089978,42.38240931
5,-71.07939222,42.38453182
5,-71.07891644,42.38597985
5,-71.07875939,42.38609956
5,-71.07586717,42.38903637
5,-71.07569585,42.39002832
5,-71.07531504,42.3905339
5,-71.06744912,42.39511561
5,-71.06727547,42.39626427
5,-71.06677374,42.39685757
5,-71.06622258,42.39659443
5,-71.06666773,42.39408438
5,-71.06739187,42.39137489
5,-71.07004255,42.38654847
5,-71.06768117,42.38565027
5,-71.0648938,42.38550887
5,-71.06356654,42.38538804
5,-71.06209747,42.38521946
5,-71.06045587,42.38505898
5,-71.05880902,42.38490916
5,-71.05091353,42.3841133
5,-71.04937882,42.383783
5,-71.04847566,42.38350774
5,-71.04794712,42.38314207
5,-71.04763735,42.3827748
5,-71.04747018,42.38244704
5,-71.04752313,42.38177084